{
  "title": "Tech Sterowniki",
  "config": {
    "step": {
      "user": {
        "title": "Tech Sterowniki Login",
        "description": "Please enter your credentials to emodul.eu or emodul.pl service.",
        "data": {
          "username": "[%key:common::config_flow::data::username%]",
          "password": "[%key:common::config_flow::data::password%]"
        }
      },
      "select_controllers": {
        "title": "Controller selection",
        "description": "Please select the controllers you want to integrate.",
        "data": {
          "controllers": "Controllers to import",
          "include_hub_in_name": "Include hub (controller) name in entity names"
        }
      }
    },
    "error": {
      "cannot_connect": "[%key:common::config_flow::error::cannot_connect%]",
      "invalid_auth": "[%key:common::config_flow::error::invalid_auth%]",
      "unknown": "[%key:common::config_flow::error::unknown%]"
    },
    "abort": {
      "already_configured": "[%key:common::config_flow::abort::already_configured_device%]",
      "no_modules": "No modules detected or selected"
    }
  },
  "options": {
    "step": {
      "user": {
        "title": "Tech Sterowniki Login",
        "description": "Please enter your credentials to emodul.eu or emodul.pl service.",
        "data": {
          "username": "[%key:common::config_flow::data::username%]",
          "password": "[%key:common::config_flow::data::password%]"
        }
      },
      "select_controllers": {
        "title": "Controller selection",
        "description": "Please select the controllers you want to integrate.",
        "data": {
          "controllers": "Controllers to import"
        }

      }
    },
    "error": {
      "cannot_connect": "[%key:common::config_flow::error::cannot_connect%]",
      "invalid_auth": "[%key:common::config_flow::error::invalid_auth%]",
      "unknown": "[%key:common::config_flow::error::unknown%]"
    },
    "abort": {
      "already_configured": "[%key:common::config_flow::abort::already_configured_device%]",
      "no_modules": "No modules detected"
    }
  },
  "entity": {
    "sensor": {
      "temperature_entity": {
        "name": "{entity_name} temperature"
      },
      "battery_entity": {
        "name": "{entity_name} battery"
      },
      "humidity_entity": {
        "name": "[%key:component::sensor::entity_component::humidity::name%]"
      },
      "actuator_entity": {
        "name": "actuator"
      },
      "underfloor_entity": {
        "name": "underfloor"
      },
      "window_sensor_entity": {
        "name": "window"
      },
      "ext_temperature_entity": {
        "name": "[%key:component::sensor::entity_component::temperature::name%]"
      },
      "signal_strength_entity": {
        "name": "{entity_name} signal strength"
      },
      "zone_state_entity": {
        "name": "{entity_name} alarm state"
      }
    }
  }
}